date;carte;plateforme;titre;prix;port;total;cote;decote_pct;prix_revente_conseille;profit_net_estime;url
2026-07-05 22:45;Méga-Dracolosse ex 290/217;Vinted;Carte pokémon Dracolosse gx;25.0;3.5;28.5;722.2;96.1;913.13;765.92;https://www.vinted.fr/items/9329016938-carte-pokemon-dracolosse-gx
2026-07-05 22:45;Méga-Dracolosse ex 290/217;Vinted;Dracolosse ex;50.0;3.5;53.5;722.2;92.6;913.13;740.92;https://www.vinted.fr/items/9298050284-dracolosse-ex
2026-07-05 22:45;Méga-Dracolosse ex 290/217;Vinted;Dracolosse GX SM156;125.0;3.5;128.5;722.2;82.2;913.13;665.92;https://www.vinted.fr/items/9245118533-dracolosse-gx-sm156
2026-07-05 22:45;Dracaufeu ex 199/165;Vinted;Carte Pokémon Méga-Dracaufeu X ex - Promo - MEP 023;50.0;3.5;53.5;551.99;90.3;697.92;553.69;https://www.vinted.fr/items/9274720087-carte-pokemon-mega-dracaufeu-x-ex-promo-mep-023
2026-07-05 22:45;Dracaufeu ex 199/165;Vinted;Carte Pokémon Méga-Dracaufeu X ex - Carte promo 023 FR;70.0;3.5;73.5;551.99;86.7;697.92;533.69;https://www.vinted.fr/items/9307632385-carte-pokemon-mega-dracaufeu-x-ex-carte-promo-023-fr
2026-07-05 22:45;Dracaufeu ex 199/165;Vinted;Dracaufeu upc promo scellé;89.99;3.5;93.49;551.99;83.1;697.92;513.7;https://www.vinted.fr/items/9296935597-dracaufeu-upc-promo-scelle
2026-07-05 22:45;Dracaufeu ex 199/165;Vinted;Carte Pokémon, Dracaufeu de type feu 220, PV doré;100.0;3.5;103.5;551.99;81.2;697.92;503.69;https://www.vinted.fr/items/9266880678-carte-pokemon-dracaufeu-de-type-feu-220-pv-dore
2026-07-05 22:45;Dracaufeu ex 199/165;Vinted;Dracaufeu ex;155.0;3.5;158.5;551.99;71.3;697.92;448.69;https://www.vinted.fr/items/9289423289-dracaufeu-ex
2026-07-05 22:45;Méga-Dracolosse ex 290/217;Vinted;Méga-dracolosse ex 290/ 217;480.0;3.5;483.5;722.2;33.1;913.13;310.92;https://www.vinted.fr/items/9287984074-mega-dracolosse-ex-290-217
2026-07-05 22:45;Méga-Gardevoir ex 187/132;Vinted;Méga-Gardevoir ex (ASC 89) Fr Nm;1.0;3.5;4.5;276.0;98.4;348.97;299.1;https://www.vinted.fr/items/9262914249-mega-gardevoir-ex-asc-89-fr-nm
2026-07-05 22:45;Méga-Gardevoir ex 187/132;Vinted;Mega Gardevoir EX - MEP032;7.0;3.5;10.5;276.0;96.2;348.97;293.1;https://www.vinted.fr/items/9274034965-mega-gardevoir-ex-mep032
2026-07-05 22:45;Méga-Gardevoir ex 187/132;Vinted;Carte pokemon : M. Gardevoir ex FA promo MEP32;7.5;3.5;11.0;276.0;96.0;348.97;292.6;https://www.vinted.fr/items/9241944700-carte-pokemon-m-gardevoir-ex-fa-promo-mep32
2026-07-05 22:45;Méga-Dracolosse ex 290/217;Vinted;Carte pokémon Mega-Dracolosse Ex 290/217;500.0;3.5;503.5;722.2;30.3;913.13;290.92;https://www.vinted.fr/items/9269416582-carte-pokemon-mega-dracolosse-ex-290217
2026-07-05 22:45;Méga-Dracolosse ex 290/217;Vinted;🔥 Méga Dracolosse ex 290/217 – Special Illustration Rare (ASC);500.0;3.5;503.5;722.2;30.3;913.13;290.92;https://www.vinted.fr/items/9223510909-mega-dracolosse-ex-290217-special-illustration-rare-asc
2026-07-05 22:45;Méga-Gardevoir ex 187/132;Vinted;Mega Gardevoir ex (MEG 159);9.5;3.5;13.0;276.0;95.3;348.97;290.6;https://www.vinted.fr/items/9289853979-mega-gardevoir-ex-meg-159
2026-07-05 22:45;Méga-Gardevoir ex 187/132;Vinted;Méga-Gardevoir ex 032;10.0;3.5;13.5;276.0;95.1;348.97;290.1;https://www.vinted.fr/items/9329341361-mega-gardevoir-ex-032
2026-07-05 22:45;Dracaufeu ex 199/165;Vinted;Dracaufeu Ex;320.0;3.5;323.5;551.99;41.4;697.92;283.69;https://www.vinted.fr/items/9271884863-dracaufeu-ex
2026-07-05 22:45;Dracaufeu ex 199/165;Vinted;Dracaufeu ex 199/165 alt 151 Fr;350.0;3.5;353.5;551.99;36.0;697.92;253.69;https://www.vinted.fr/items/9327137083-dracaufeu-ex-199165-alt-151-fr
2026-07-05 22:45;Dracaufeu ex 199/165;Vinted;Carte Pokémon Dracaufeu EX;370.0;3.5;373.5;551.99;32.3;697.92;233.69;https://www.vinted.fr/items/9304573382-carte-pokemon-dracaufeu-ex
2026-07-05 22:45;Dracaufeu ex 199/165;Vinted;Dracaufeu ex 199/165 alternative 151;380.0;3.5;383.5;551.99;30.5;697.92;223.69;https://www.vinted.fr/items/9317440354-dracaufeu-ex-199165-alternative-151
2026-07-05 22:45;Tortank ex 200/165;Vinted;Tortank ex promo xy122;50.0;3.5;53.5;220.8;75.8;279.17;189.38;https://www.vinted.fr/items/9289647260-tortank-ex-promo-xy122
2026-07-05 22:45;Salamèche 168/165;Vinted;Carte salameche AR série 151 coréenne;24.0;3.5;27.5;196.95;86.0;249.02;189.15;https://www.vinted.fr/items/9300280062-carte-salameche-ar-serie-151-coreenne
2026-07-05 22:45;Salamèche 168/165;Vinted;Carte Pokémon Salamèche AR 168/165, Japonaise, série 151;30.0;3.5;33.5;196.95;83.0;249.02;183.15;https://www.vinted.fr/items/9310936784-carte-pokemon-salameche-ar-168165-japonaise-serie-151
2026-07-05 22:45;Salamèche 168/165;Vinted;Salamèche 044 SVP fr (promo);51.0;3.5;54.5;196.95;72.3;249.02;162.15;https://www.vinted.fr/items/9329373558-salameche-044-svp-fr-promo
2026-07-05 22:45;Tortank ex 200/165;Vinted;Carte pokemon tortank;95.0;3.5;98.5;220.8;55.4;279.17;144.38;https://www.vinted.fr/items/9297485981-carte-pokemon-tortank
2026-07-05 22:45;Méga-Amphinobi ex chaos ascendant;Vinted;Carte pokémon méga amphinobi ex 022/086 chaos ascendant neuf;1.0;3.5;4.5;133.81;96.6;169.19;142.69;https://www.vinted.fr/items/9331351310-carte-pokemon-mega-amphinobi-ex-022086-chaos-ascendant-neuf
2026-07-05 22:45;Méga-Amphinobi ex chaos ascendant;Vinted;Méga-Amphinobi Ex 022/086;1.5;3.5;5.0;133.81;96.3;169.19;142.19;https://www.vinted.fr/items/9317352644-mega-amphinobi-ex-022086
2026-07-05 22:45;Méga-Amphinobi ex chaos ascendant;Vinted;Méga-Amphinobi EX CRI 022/086;1.5;3.5;5.0;133.81;96.3;169.19;142.19;https://www.vinted.fr/items/9315916989-mega-amphinobi-ex-cri-022086
2026-07-05 22:45;Méga-Amphinobi ex chaos ascendant;Vinted;Méga Amphinobi Ex CRI;2.0;3.5;5.5;133.81;95.9;169.19;141.69;https://www.vinted.fr/items/9328288565-mega-amphinobi-ex-cri
2026-07-05 22:45;Méga-Amphinobi ex chaos ascendant;Vinted;Mega Amphinobi EX 022/086 CRI Chaos Ascendants ME04;2.0;3.5;5.5;133.81;95.9;169.19;141.69;https://www.vinted.fr/items/9321187745-mega-amphinobi-ex-022086-cri-chaos-ascendants-me04
2026-07-05 22:45;Méga-Amphinobi ex chaos ascendant;Vinted;Méga-Amphinobi Ex 022/086 - CRI Chaos Ascendant;2.0;3.5;5.5;133.81;95.9;169.19;141.69;https://www.vinted.fr/items/9318189942-mega-amphinobi-ex-022086-cri-chaos-ascendant
2026-07-05 22:45;Méga-Amphinobi ex chaos ascendant;Vinted;Mega-Amphinobi Ex 022/086 Cri Chaos Ascendant fr;2.0;3.5;5.5;133.81;95.9;169.19;141.69;https://www.vinted.fr/items/9315700761-mega-amphinobi-ex-022086-cri-chaos-ascendant-fr
2026-07-05 22:45;Méga-Amphinobi ex chaos ascendant;Vinted;Méga-Amphinobi ex CRI 022/086 Chaos Ascendant;2.5;3.5;6.0;133.81;95.5;169.19;141.19;https://www.vinted.fr/items/9316820027-mega-amphinobi-ex-cri-022086-chaos-ascendant
2026-07-05 22:45;Méga-Amphinobi ex chaos ascendant;Vinted;Carte Pokémon Méga-Amphinobi EX 022/086 - DRI FR Chaos Ascendant ME04;3.0;3.5;6.5;133.81;95.1;169.19;140.69;https://www.vinted.fr/items/9331502790-carte-pokemon-mega-amphinobi-ex-022086-dri-fr-chaos-ascendant-me04
2026-07-05 22:45;Méga-Amphinobi ex chaos ascendant;Vinted;Méga amphinobi ex;3.0;3.5;6.5;133.81;95.1;169.19;140.69;https://www.vinted.fr/items/9330208563-mega-amphinobi-ex
2026-07-05 22:45;Méga-Amphinobi ex chaos ascendant;Vinted;Méga-Amphinobi ex MEP 081;3.0;3.5;6.5;133.81;95.1;169.19;140.69;https://www.vinted.fr/items/9324982472-mega-amphinobi-ex-mep-081
2026-07-05 22:45;Méga-Amphinobi ex chaos ascendant;Vinted;Méga-Amphinobi Ex CRI 22/86 Chaos Ascendant;3.3;3.5;6.8;133.81;94.9;169.19;140.39;https://www.vinted.fr/items/9327271366-mega-amphinobi-ex-cri-2286-chaos-ascendant
2026-07-05 22:45;Méga-Amphinobi ex chaos ascendant;Vinted;Méga-Amphinobi Ex 022/086 ~ Chaos Ascendant;3.5;3.5;7.0;133.81;94.8;169.19;140.19;https://www.vinted.fr/items/9329457047-mega-amphinobi-ex-022086-chaos-ascendant
2026-07-05 22:45;Méga-Amphinobi ex chaos ascendant;Vinted;Carte Pokémon Amphinobi 117/214 Reverse Alliance infaillible;8.0;3.5;11.5;133.81;91.4;169.19;135.69;https://www.vinted.fr/items/9322044278-carte-pokemon-amphinobi-117214-reverse-alliance-infaillible
2026-07-05 22:45;Méga-Amphinobi ex chaos ascendant;Vinted;Mega-Amphinobi Ex full art 100/86 de l’extension chaos ascendant;15.0;3.5;18.5;133.81;86.2;169.19;128.69;https://www.vinted.fr/items/9330147007-mega-amphinobi-ex-full-art-10086-de-lextension-chaos-ascendant
2026-07-05 22:45;Méga-Amphinobi ex chaos ascendant;Vinted;Méga Amphinobi Ex 100/86;15.0;3.5;18.5;133.81;86.2;169.19;128.69;https://www.vinted.fr/items/9319977903-mega-amphinobi-ex-10086
2026-07-05 22:45;Méga-Amphinobi ex chaos ascendant;Vinted;CRI 100 - Méga-Amphinobi Ex;23.0;3.5;26.5;133.81;80.2;169.19;120.69;https://www.vinted.fr/items/9327093438-cri-100-mega-amphinobi-ex
2026-07-05 22:45;Méga-Amphinobi ex chaos ascendant;eBay;Carte Pokemon Chaos Ascendant - Méga-Amphinobi EX CRI100/086 Full Art Française ;27.0;3.0;30.0;133.81;77.6;169.19;117.19;https://www.ebay.fr/itm/137321775287?_skw=carte+pokemon+M%C3%A9ga-Amphinobi+ex+chaos+ascendant&hash=item1ff90400b7:g:UEoAAeSwAxtqAKn5
2026-07-05 22:45;Méga-Gardevoir ex 187/132;Vinted;Mega gardevoir ex gold ita 187/132 MEG;185.0;3.5;188.5;276.0;31.7;348.97;115.1;https://www.vinted.fr/items/9328029487-mega-gardevoir-ex-gold-ita-187132-meg
2026-07-05 22:45;Salamèche 168/165;Vinted;Pokémon Salamèche AR 151 168/165;104.99;3.5;108.49;196.95;44.9;249.02;108.16;https://www.vinted.fr/items/9323694745-pokemon-salameche-ar-151-168165
2026-07-05 22:45;Bulbizarre 166/165;Vinted;Carte Pokémon Bulbizarre AR 166/165 Japonaise CollectAura 8;22.0;3.5;25.5;119.55;78.7;151.16;106.0;https://www.vinted.fr/items/9319726793-carte-pokemon-bulbizarre-ar-166165-japonaise-collectaura-8
2026-07-05 22:45;Méga-Amphinobi ex chaos ascendant;eBay;Carte Pokémon Méga-Amphinobi-ex 100/086 Ultra Rare Chaos Ascendant;40.0;2.2;42.2;133.81;68.5;169.19;104.99;https://www.ebay.fr/itm/298403253321?_skw=carte+pokemon+M%C3%A9ga-Amphinobi+ex+chaos+ascendant&hash=item457a384c49:g:-UoAAeSwaqBqKakx&amdata=enc%3AAQALAAABEACCtXRWQnOEpyOqnQQ8KGZUwQWlabp0kxIZ4dMwRgj9xM7WQJeLlhMHOGOTqPV4OBQRDRUiRgSEK4KzuptlNPN0%2BQtzGfVT0tMO5zCwMBbANzL7NbbxxiU5HCeY7E%2BLI%2FCIFaOHvDti7gDWLACBgNxCViVvWo8gLI7l3JsH%2F3Ai9viNbeFc6FDbbmLfN%2FpLwq%2BWIhnuNhQ7bWO6lRxEEL%2B4dzwWNGimMv8jMy8KkrW50RjcJtCIJSXly760xaQUOJlfXeZCmXn0dS%2BqjDYvpdYToXnSsEU6gklNiN6sA2UZCYGFm71bHmoickn1VqCMP%2F1SRdXLc%2BTZoM3j%2FOgXfGs33g8t%2FHhGZFvGj4Ov2LBz
2026-07-05 22:45;Salamèche 168/165;Vinted;Salamèche AR 168/165;109.99;3.5;113.49;196.95;42.4;249.02;103.16;https://www.vinted.fr/items/9293790763-salameche-ar-168165
2026-07-05 22:45;Bulbizarre 166/165;Vinted;Bulbizarre AR Sv2a 166/165;25.0;3.5;28.5;119.55;76.2;151.16;103.0;https://www.vinted.fr/items/9311529898-bulbizarre-ar-sv2a-166165
2026-07-05 22:45;Florizarre ex 198/165;Vinted;Florizarre EX 198/165;135.0;3.5;138.5;218.96;36.7;276.85;102.36;https://www.vinted.fr/items/9320489645-florizarre-ex-198165
2026-07-05 22:45;Salamèche 168/165;Vinted;Carte Pokémon 151 salameche;115.0;3.5;118.5;196.95;39.8;249.02;98.15;https://www.vinted.fr/items/9302629299-carte-pokemon-151-salameche
2026-07-05 22:45;Florizarre ex 198/165;Vinted;Florizarre EX Alternative 198/165 Pokemon 151 Très bon état;140.0;3.5;143.5;218.96;34.5;276.85;97.36;https://www.vinted.fr/items/9318048868-florizarre-ex-alternative-198165-pokemon-151-tres-bon-etat
2026-07-05 22:45;Florizarre ex 198/165;Vinted;Florizarre ex 198/165 (MEW 198) ALT 151;140.0;3.5;143.5;218.96;34.5;276.85;97.36;https://www.vinted.fr/items/9286196334-florizarre-ex-198165-mew-198-alt-151
2026-07-05 22:45;Tortank ex 200/165;Vinted;Tortank EX 200/165;149.99;3.5;153.49;220.8;30.5;279.17;89.39;https://www.vinted.fr/items/9321181957-tortank-ex-200165
2026-07-05 22:45;Tortank ex 200/165;Vinted;Tortank ex 200/165 151 pokemon;150.0;3.5;153.5;220.8;30.5;279.17;89.38;https://www.vinted.fr/items/9328312471-tortank-ex-200165-151-pokemon
2026-07-05 22:45;Tortank ex 200/165;Vinted;Carte Pokémon Tortank ex alternative 200/165 série 151 FR;150.0;3.5;153.5;220.8;30.5;279.17;89.38;https://www.vinted.fr/items/9325117093-carte-pokemon-tortank-ex-alternative-200165-serie-151-fr
2026-07-05 22:45;Pikachu 173/165;Vinted;Carta pokemon pikachu 173/165 sv2a japanese ar 151;38.0;3.5;41.5;110.4;62.4;139.59;79.94;https://www.vinted.fr/items/9320026065-carta-pokemon-pikachu-173165-sv2a-japanese-ar-151
2026-07-05 22:45;Bulbizarre 166/165;Vinted;Carte Pokémon Bulbizarre Ar série 151;50.0;3.5;53.5;119.55;55.2;151.16;78.0;https://www.vinted.fr/items/9319399333-carte-pokemon-bulbizarre-ar-serie-151
2026-07-05 22:45;Pikachu 173/165;Vinted;Pikachu 173/165 Sv2a: Carta Pokemon 151 Holo (giapponese);40.0;3.5;43.5;110.4;60.6;139.59;77.94;https://www.vinted.fr/items/9314861524-pikachu-173165-sv2a-carta-pokemon-151-holo-giapponese
2026-07-05 22:45;Pikachu 173/165;Vinted;Pikachu 088 Promo;45.0;3.5;48.5;110.4;56.1;139.59;72.94;https://www.vinted.fr/items/9321740506-pikachu-088-promo
2026-07-05 22:45;Mew ex 193/165;Vinted;Cartes Pokémon - EV3.5 et EV4;1.0;3.5;4.5;64.38;93.0;81.4;66.32;https://www.vinted.fr/items/9329255690-cartes-pokemon-ev35-et-ev4
2026-07-05 22:45;Mew ex 193/165;Vinted;Cartes Pokémon - EV3.5 et EV4;1.0;3.5;4.5;64.38;93.0;81.4;66.32;https://www.vinted.fr/items/9329245429-cartes-pokemon-ev35-et-ev4
2026-07-05 22:45;Mew ex 193/165;Vinted;Cartes Pokémon - EV3.5 et EV4;1.0;3.5;4.5;64.38;93.0;81.4;66.32;https://www.vinted.fr/items/9329231350-cartes-pokemon-ev35-et-ev4
2026-07-05 22:45;Dracaufeu ex 201/165;Vinted;Carte Pokémon Dracaufeu & Plumeline Promo Scellé [FR];85.0;3.5;88.5;138.0;35.9;174.48;63.3;https://www.vinted.fr/items/9293857023-carte-pokemon-dracaufeu-plumeline-promo-scelle-fr
2026-07-05 22:45;Carapuce 170/165;Vinted;Carte Pokémon Carapuce 151;70.0;3.5;73.5;123.05;40.3;155.58;61.86;https://www.vinted.fr/items/9306223159-carte-pokemon-carapuce-151
2026-07-05 22:45;Mew ex 193/165;Vinted;Mega brutalibrer ex ASC 268;11.99;3.5;15.49;64.38;75.9;81.4;55.33;https://www.vinted.fr/items/9296916175-mega-brutalibrer-ex-asc-268
2026-07-05 22:45;Méga-Ectoplasma ex héros transcendants;Vinted;Méga ectoplasma ex (PFL 056);1.0;3.5;4.5;46.01;90.2;58.17;46.11;https://www.vinted.fr/items/9328023378-mega-ectoplasma-ex-pfl-056
2026-07-05 22:45;Méga-Ectoplasma ex héros transcendants;Vinted;Méga Ectoplasma ex;1.5;3.5;5.0;46.01;89.1;58.17;45.61;https://www.vinted.fr/items/9318206944-mega-ectoplasma-ex
2026-07-05 22:45;Méga-Ectoplasma ex héros transcendants;Vinted;Méga-Ectoplasma ex 125/217 - Héros Transcendants ME2.5 - ASC FR;2.99;3.5;6.49;46.01;85.9;58.17;44.12;https://www.vinted.fr/items/9325246491-mega-ectoplasma-ex-125217-heros-transcendants-me25-asc-fr
2026-07-05 22:45;Méga-Ectoplasma ex héros transcendants;Vinted;Méga-Ectoplasma ex 125/217;3.0;3.5;6.5;46.01;85.9;58.17;44.11;https://www.vinted.fr/items/9331250244-mega-ectoplasma-ex-125217
2026-07-05 22:45;Méga-Ectoplasma ex héros transcendants;Vinted;Carte pokemon méga-Ectoplasma EX 125/217;3.0;3.5;6.5;46.01;85.9;58.17;44.11;https://www.vinted.fr/items/9329047770-carte-pokemon-mega-ectoplasma-ex-125217
2026-07-05 22:45;Méga-Ectoplasma ex héros transcendants;Vinted;- Mega Ectoplasma Ex 056/094 PFL;3.0;3.5;6.5;46.01;85.9;58.17;44.11;https://www.vinted.fr/items/9323331301-mega-ectoplasma-ex-056094-pfl
2026-07-05 22:45;Méga-Ectoplasma ex héros transcendants;Vinted;- Mega Ectoplasma Ex 056/094 PFL;3.0;3.5;6.5;46.01;85.9;58.17;44.11;https://www.vinted.fr/items/9323274282-mega-ectoplasma-ex-056094-pfl
2026-07-05 22:45;Méga-Ectoplasma ex héros transcendants;Vinted;Méga-ectoplasma ex 125/217 me2.5;3.0;3.5;6.5;46.01;85.9;58.17;44.11;https://www.vinted.fr/items/9323153236-mega-ectoplasma-ex-125217-me25
2026-07-05 22:45;Méga-Ectoplasma ex héros transcendants;Vinted;Carte Pokémon mega-ectoplasma ex 056/094;3.0;3.5;6.5;46.01;85.9;58.17;44.11;https://www.vinted.fr/items/9321705197-carte-pokemon-mega-ectoplasma-ex-056094
2026-07-05 22:45;Méga-Ectoplasma ex héros transcendants;Vinted;Carte pokémon Ectoplasma 18/100 Tempête;4.0;3.5;7.5;46.01;83.7;58.17;43.11;https://www.vinted.fr/items/9329855374-carte-pokemon-ectoplasma-18100-tempete
2026-07-05 22:45;Méga-Ectoplasma ex héros transcendants;Vinted;- Mega Ectoplasma Ex 125/217 ASC;4.0;3.5;7.5;46.01;83.7;58.17;43.11;https://www.vinted.fr/items/9320928535-mega-ectoplasma-ex-125217-asc
2026-07-05 22:45;Mew ex 193/165;Vinted;Mew ex 193/165 ita;25.0;3.5;28.5;64.38;55.7;81.4;42.32;https://www.vinted.fr/items/9328229068-mew-ex-193165-ita
2026-07-05 22:45;Méga-Ectoplasma ex héros transcendants;Vinted;125/217 - Méga-Ectoplasma Ex - Héros Transcendants;7.5;3.5;11.0;46.01;76.1;58.17;39.61;https://www.vinted.fr/items/9328576544-125217-mega-ectoplasma-ex-heros-transcendants
2026-07-05 22:45;Mew ex 193/165;Vinted;Mew ex;40.0;3.5;43.5;64.38;32.4;81.4;27.32;https://www.vinted.fr/items/9320300895-mew-ex
2026-07-05 22:45;Alakazam ex 188/165;Vinted;Alakazam ex 188/165 151 ENG;15.0;3.5;18.5;36.28;49.0;45.87;21.41;https://www.vinted.fr/items/9268905462-alakazam-ex-188165-151-eng
2026-07-05 22:45;Alakazam ex 188/165;Vinted;Alakazam Ex 188/165 151;18.0;3.5;21.5;36.28;40.7;45.87;18.41;https://www.vinted.fr/items/9276989325-alakazam-ex-188165-151
2026-07-05 22:45;Alakazam ex 188/165;Vinted;Alakazam ex 188/165 – Pokémon 151 – FR;20.0;3.5;23.5;36.28;35.2;45.87;16.41;https://www.vinted.fr/items/9319870179-alakazam-ex-188165-pokemon-151-fr
2026-07-05 22:45;Méga-Zygarde ex équilibre parfait;Vinted;Carte méga zygarde ex 047/088 neuf équilibre parfait;1.0;3.5;4.5;8.67;48.1;10.96;5.04;https://www.vinted.fr/items/9331351283-carte-mega-zygarde-ex-047088-neuf-equilibre-parfait
2026-07-05 22:45;Méga-Zygarde ex équilibre parfait;Vinted;Mega Zygarde ex POR047/088 - Équilibre Parfait ME03 - Pokémon officiel FR;1.0;3.5;4.5;8.67;48.1;10.96;5.04;https://www.vinted.fr/items/9323274650-mega-zygarde-ex-por047088-equilibre-parfait-me03-pokemon-officiel-fr
2026-07-05 22:45;Méga-Zygarde ex équilibre parfait;Vinted;Méga-Zygarde ex (équilibre parfait);1.0;3.5;4.5;8.67;48.1;10.96;5.04;https://www.vinted.fr/items/9320231503-mega-zygarde-ex-equilibre-parfait
2026-07-05 22:45;Méga-Zygarde ex équilibre parfait;Vinted;Méga-zygarde EX 047/088;1.0;3.5;4.5;8.67;48.1;10.96;5.04;https://www.vinted.fr/items/9314624179-mega-zygarde-ex-047088
2026-07-05 22:45;Méga-Zygarde ex équilibre parfait;Vinted;Mega Zygarde EX 047/088 - ME3;1.0;3.5;4.5;8.67;48.1;10.96;5.04;https://www.vinted.fr/items/9316488346-mega-zygarde-ex-047088-me3
2026-07-05 22:45;Méga-Dracaufeu Y ex;Vinted;Méga Dracaufeu Y ex Promo 030;2.99;3.5;6.49;10.12;35.9;12.8;4.64;https://www.vinted.fr/items/9330557065-mega-dracaufeu-y-ex-promo-030
2026-07-05 22:45;Méga-Dracaufeu Y ex;Vinted;Carte promo Méga-Dracaufeu Y ex;3.0;3.5;6.5;10.12;35.8;12.8;4.63;https://www.vinted.fr/items/9331488955-carte-promo-mega-dracaufeu-y-ex
2026-07-05 22:45;Méga-Zygarde ex équilibre parfait;Vinted;Carte pokémon Méga Zygarde EX 47/88 FR;1.48;3.5;4.98;8.67;42.6;10.96;4.56;https://www.vinted.fr/items/9329083746-carte-pokemon-mega-zygarde-ex-4788-fr
2026-07-05 22:45;Méga-Zygarde ex équilibre parfait;Vinted;Méga-Zygarde Ex 047/088 - Équilibre Parfait -fr;2.0;3.5;5.5;8.67;36.6;10.96;4.04;https://www.vinted.fr/items/9328892180-mega-zygarde-ex-047088-equilibre-parfait-fr
2026-07-05 22:45;Méga-Zygarde ex équilibre parfait;Vinted;Méga-Zygarde ex 047/088 ME03 / POR;2.0;3.5;5.5;8.67;36.6;10.96;4.04;https://www.vinted.fr/items/9318050285-mega-zygarde-ex-047088-me03-por
2026-07-05 22:45;Mewtwo ex Team Rocket héros transcendants;Vinted;Mewtwo ex 79/217;1.5;3.5;5.0;8.19;38.9;10.36;4.01;https://www.vinted.fr/items/9308835140-mewtwo-ex-79217
2026-07-05 22:45;Mewtwo ex Team Rocket héros transcendants;Vinted;Mewtwo Ex de la Team Rocket 79/217;2.0;3.5;5.5;8.19;32.8;10.36;3.51;https://www.vinted.fr/items/9329028114-mewtwo-ex-de-la-team-rocket-79217
2026-07-05 22:45;Méga-Latias ex;Vinted;Carta Pokémon Latias ex (m2a 075);1.0;3.5;4.5;6.67;32.5;8.43;2.84;https://www.vinted.fr/items/9331295172-carta-pokemon-latias-ex-m2a-075
2026-07-05 22:45;Méga-Latias ex;Vinted;Mega latias ex carta pokemon;1.0;3.5;4.5;6.67;32.5;8.43;2.84;https://www.vinted.fr/items/9331202604-mega-latias-ex-carta-pokemon
2026-07-05 22:45;Méga-Latias ex;Vinted;Méga-Latias Ex 100/132;1.0;3.5;4.5;6.67;32.5;8.43;2.84;https://www.vinted.fr/items/9328199668-mega-latias-ex-100132
