Jour J +;Semaine;Jour;Heure;Thème;Statut;Réseaux;Texte;Texte Bluesky;Images;Textes alternatifs
0;1;lundi;18:30;À voir;auto;facebook, instagram, linkedin, gmb, bluesky, threads;"DIG16 est lancé 🎉
Je crée des sites internet pour les artisans, commerçants et indépendants de Charente : modernes, rapides, pensés d'abord pour le téléphone, et à votre nom.
Vous voulez voir ce que ça donnerait pour vous ? Je refais votre page d'accueil gratuitement, avant que vous décidiez quoi que ce soit.
👉 dig16.fr

#Charente #artisan #commerce #siteinternet";"DIG16 est lancé 🎉
👉 dig16.fr";supports/publications/s1-lancement.png;DIG16 est lancé. Des sites à votre nom. DIG16, sites internet pour artisans et commerçants de Charente.
1;1;mardi;12:15;Le test du pouce (story);auto;instagram:STORY, facebook:STORY;;;supports/campagne-pouce/pouce-story.png;Le test du pouce en 3 étapes : tapez votre métier et votre ville, cherchez-vous, touchez votre nom.
1;1;mardi;18:30;Le test du pouce;auto;facebook, instagram, linkedin, gmb, bluesky, threads;"Le test du pouce 👍 30 secondes, votre téléphone, votre métier et votre ville. Vous êtes où ?
Faites le test, puis glissez jusqu'au bout. Ou faites-le en ligne, gratuitement : dig16.fr/test-du-pouce
Un « non » ? Je refais votre page d'accueil gratuitement.

#Charente #artisan #commerce #siteinternet";"Le test du pouce 👍 30 secondes, votre téléphone, votre métier et votre ville. Vous êtes où ?
Faites le test, puis glissez jusqu'au bout. Ou faites-le en ligne, gratuitement : dig16.fr/test-du-pouce
Un « non » ? Je refais votre page d'accueil gratuitement.";supports/campagne-pouce/pouce-1.png supports/campagne-pouce/pouce-2.png supports/campagne-pouce/pouce-3.png supports/campagne-pouce/pouce-4.png supports/campagne-pouce/pouce-5.png;"Le test du pouce : prenez votre téléphone et tapez votre métier et votre ville. | Un téléphone affiche des résultats de recherche ; une place vide porte la question « Et vous ? ». | Deuxième étape : touchez votre nom ; le site s'ouvre-t-il bien, le numéro s'appelle-t-il d'un geste ? | Avant, après : un site daté et le même site refait par DIG16 (exemple fictif). | Ce que vous obtenez : 0 € de création, en ligne en 7 jours, site à votre nom, dès 49 € par mois."
2;1;mercredi;18:30;Un conseil;auto;facebook, instagram, linkedin, gmb, bluesky, threads;"3 choses à vérifier aujourd'hui sur votre fiche Google :
1️⃣ Vos horaires sont-ils à jour (jours fériés compris) ?
2️⃣ Votre numéro de téléphone est-il le bon ?
3️⃣ Avez-vous au moins quelques photos récentes de votre travail ?
C'est gratuit, ça prend 10 minutes, et c'est souvent la première chose que vos clients voient de vous.

#Charente #artisan #commerce #siteinternet";"3 choses à vérifier aujourd'hui sur votre fiche Google :
👉 dig16.fr";supports/publications/s1-fiche-google.png;Votre fiche Google : 3 choses à vérifier. DIG16, sites internet pour artisans et commerçants de Charente.
4;1;vendredi;18:30;Comment je travaille;auto;facebook, instagram, linkedin, gmb, bluesky, threads;"Un site avec DIG16, comment ça se passe ?
✅ Je refais votre page d'accueil gratuitement, pour que vous puissiez juger sur pièce.
✅ 20 minutes ensemble pour vos textes et vos photos.
✅ En ligne en 7 jours.
✅ Le site et le nom de domaine sont à votre nom.
Dès 49 € par mois, 0 € de création. Les détails : dig16.fr

#Charente #artisan #commerce #siteinternet";"Un site avec DIG16, comment ça se passe ?
👉 dig16.fr";supports/publications/s1-methode.png;Un site avec DIG16, comment ça se passe ? DIG16, sites internet pour artisans et commerçants de Charente.
7;2;lundi;18:30;À voir;auto;facebook, instagram, linkedin, gmb, bluesky, threads;"Voici à quoi ressemble un site DIG16 sur un téléphone 📱
Une menuiserie (entreprise fictive) : ses réalisations en photos, ses services et un bouton pour appeler en un geste.
Imaginez le vôtre. Je refais votre page d'accueil gratuitement : dig16.fr

#Charente #artisan #commerce #siteinternet";"Voici à quoi ressemble un site DIG16 sur un téléphone 📱
Une menuiserie (entreprise fictive) : ses réalisations en photos, ses services et un bouton pour appeler en un geste.
Imaginez le vôtre. Je refais votre page d'accueil gratuitement : dig16.fr";supports/publications/s2-demo-menuisier.png;Un site d'artisan, sur un téléphone. DIG16, sites internet pour artisans et commerçants de Charente.
9;2;mercredi;18:30;Un conseil;auto;facebook, instagram, linkedin, gmb, bluesky, threads;"Sur votre site, votre numéro de téléphone est-il cliquable ?
Sur un téléphone, vos clients veulent appeler en un geste, pas recopier 10 chiffres.
Testez votre site depuis votre téléphone : si rien ne se passe en touchant le numéro, c'est à corriger.

#Charente #artisan #commerce #siteinternet";"Sur votre site, votre numéro de téléphone est-il cliquable ?
Sur un téléphone, vos clients veulent appeler en un geste, pas recopier 10 chiffres.
Testez votre site depuis votre téléphone : si rien ne se passe en touchant le numéro, c'est à corriger.";supports/publications/s2-numero.png;Votre numéro s'appelle d'un geste ? DIG16, sites internet pour artisans et commerçants de Charente.
11;2;vendredi;18:30;Comment je travaille;auto;facebook, instagram, linkedin, gmb, bluesky, threads;"Avec DIG16, votre site et votre nom de domaine sont à votre nom. Pas au mien.
Si un jour vous partez, vous gardez tout : votre adresse internet, vos textes, vos photos.

#Charente #artisan #commerce #siteinternet";"Avec DIG16, votre site et votre nom de domaine sont à votre nom. Pas au mien.
Si un jour vous partez, vous gardez tout : votre adresse internet, vos textes, vos photos.";supports/publications/s2-a-votre-nom.png;Votre site est à vous. Pas à moi. DIG16, sites internet pour artisans et commerçants de Charente.
14;3;lundi;12:15;Le test du pouce (story);auto;instagram:STORY, facebook:STORY;;;supports/campagne-pouce/pouce-story.png;Le test du pouce en 3 étapes : tapez votre métier et votre ville, cherchez-vous, touchez votre nom.
14;3;lundi;18:30;Le test du pouce;auto;facebook, instagram, linkedin, gmb, bluesky, threads;"Vous avez fait le test du pouce ? Tapez votre métier et votre ville sur votre téléphone… et dites-moi en commentaire ce que vous avez trouvé (sans nommer personne 🙂).
Le test en ligne, gratuit : dig16.fr/test-du-pouce

#Charente #artisan #commerce #siteinternet";"Vous avez fait le test du pouce ? Tapez votre métier et votre ville sur votre téléphone… et dites-moi en commentaire ce que vous avez trouvé (sans nommer personne 🙂).
Le test en ligne, gratuit : dig16.fr/test-du-pouce";supports/publications/s3-pouce-rappel.png;Vous avez fait le test du pouce ? DIG16, sites internet pour artisans et commerçants de Charente.
16;3;mercredi;18:30;Un conseil;auto;facebook, instagram, linkedin, gmb, bluesky, threads;"3 conseils pour vos photos de chantier ou de boutique :
1️⃣ Photographiez en journée, lumière naturelle.
2️⃣ Montrez le résultat fini, de face, sans désordre autour.
3️⃣ Une photo nette vaut mieux que dix floues.

#Charente #artisan #commerce #siteinternet";"3 conseils pour vos photos de chantier ou de boutique :
1️⃣ Photographiez en journée, lumière naturelle.
2️⃣ Montrez le résultat fini, de face, sans désordre autour.
3️⃣ Une photo nette vaut mieux que dix floues.";supports/publications/s3-photos.png;3 conseils pour de belles photos. DIG16, sites internet pour artisans et commerçants de Charente.
18;3;vendredi;18:30;Comment je travaille;auto;facebook, instagram, linkedin, gmb, bluesky, threads;"Combien coûte un site avec DIG16 ?
0 € de création sur les formules mensuelles, puis dès 49 € par mois : hébergement, modifications et suivi compris.
6 mois d'engagement, puis vous arrêtez quand vous voulez. Tout est sur dig16.fr

#Charente #artisan #commerce #siteinternet";"Combien coûte un site avec DIG16 ?
0 € de création sur les formules mensuelles, puis dès 49 € par mois : hébergement, modifications et suivi compris.
6 mois d'engagement, puis vous arrêtez quand vous voulez. Tout est sur dig16.fr";supports/publications/s3-prix.png;Combien coûte un site DIG16 ? DIG16, sites internet pour artisans et commerçants de Charente.
21;4;lundi;18:30;À voir;auto;facebook, instagram, linkedin, gmb, bluesky, threads;"Avant / après : une page d'accueil d'artisan (fictive) refaite par DIG16.
Plus claire, plus rapide, et le numéro bien en vue.
Vous voulez la même chose pour votre entreprise ? C'est gratuit pour voir : dig16.fr

#Charente #artisan #commerce #siteinternet";"Avant / après : une page d'accueil d'artisan (fictive) refaite par DIG16.
Plus claire, plus rapide, et le numéro bien en vue.
Vous voulez la même chose pour votre entreprise ? C'est gratuit pour voir : dig16.fr";supports/publications/s4-avant-apres.png;Avant, après : la même page d'accueil. DIG16, sites internet pour artisans et commerçants de Charente.
23;4;mercredi;18:30;Un conseil;auto;facebook, instagram, linkedin, gmb, bluesky, threads;"Un avis négatif sur votre fiche Google ? Répondez-y, calmement et poliment.
Vos futurs clients lisent surtout votre réponse : c'est elle qui montre votre sérieux.

#Charente #artisan #commerce #siteinternet";"Un avis négatif sur votre fiche Google ? Répondez-y, calmement et poliment.
Vos futurs clients lisent surtout votre réponse : c'est elle qui montre votre sérieux.";supports/publications/s4-avis.png;Un avis négatif ? Répondez-y. DIG16, sites internet pour artisans et commerçants de Charente.
25;4;vendredi;18:30;Comment je travaille;auto;facebook, instagram, linkedin, gmb, bluesky, threads;"Après 6 mois, votre site DIG16 est sans engagement : vous pouvez arrêter à tout moment, par simple email.
Et vous repartez avec tous les fichiers de votre site.

#Charente #artisan #commerce #siteinternet";"Après 6 mois, votre site DIG16 est sans engagement : vous pouvez arrêter à tout moment, par simple email.
Et vous repartez avec tous les fichiers de votre site.";supports/publications/s4-sans-engagement.png;Après 6 mois, sans engagement. DIG16, sites internet pour artisans et commerçants de Charente.
28;5;lundi;18:30;À voir;auto;facebook, instagram, linkedin, gmb, bluesky, threads;"Un site en ligne en 7 jours, comment c'est possible ?
Jour 1 : 20 minutes ensemble pour vos textes et vos photos.
Jours 2 à 6 : je construis, vous relisez.
Jour 7 : votre site est en ligne.

#Charente #artisan #commerce #siteinternet";"Un site en ligne en 7 jours, comment c'est possible ?
Jour 1 : 20 minutes ensemble pour vos textes et vos photos.
Jours 2 à 6 : je construis, vous relisez.
Jour 7 : votre site est en ligne.";supports/publications/s5-7-jours.png;En ligne en 7 jours. DIG16, sites internet pour artisans et commerçants de Charente.
30;5;mercredi;18:30;Un conseil;auto;facebook, instagram, linkedin, gmb, bluesky, threads;"Vos horaires sont-ils les mêmes sur votre site, votre fiche Google et votre page Facebook ?
Un client qui trouve porte close à cause d'un horaire erroné ne revient pas toujours.

#Charente #artisan #commerce #siteinternet";"Vos horaires sont-ils les mêmes sur votre site, votre fiche Google et votre page Facebook ?
Un client qui trouve porte close à cause d'un horaire erroné ne revient pas toujours.";supports/publications/s5-horaires.png;Vos horaires, les mêmes partout ? DIG16, sites internet pour artisans et commerçants de Charente.
32;5;vendredi;18:30;Comment je travaille;auto;facebook, instagram, linkedin, gmb, bluesky, threads;"Avec DIG16, votre site n'est pas abandonné après sa mise en ligne.
Chaque mois : vos changements faits en 3 jours ouvrés, et un petit bilan pour savoir combien de personnes vous ont trouvé.

#Charente #artisan #commerce #siteinternet";"Avec DIG16, votre site n'est pas abandonné après sa mise en ligne.
Chaque mois : vos changements faits en 3 jours ouvrés, et un petit bilan pour savoir combien de personnes vous ont trouvé.";supports/publications/s5-suivi.png;Un site suivi, chaque mois. DIG16, sites internet pour artisans et commerçants de Charente.
35;6;lundi;18:30;À voir;auto;facebook, instagram, linkedin, gmb, bluesky, threads;"Combien de temps met votre site à s'afficher sur un téléphone ?
Au-delà de quelques secondes, beaucoup de visiteurs repartent. Les sites DIG16 sont construits pour être rapides.

#Charente #artisan #commerce #siteinternet";"Combien de temps met votre site à s'afficher sur un téléphone ?
Au-delà de quelques secondes, beaucoup de visiteurs repartent. Les sites DIG16 sont construits pour être rapides.";supports/publications/s6-rapidite.png;Un site qui s'affiche vite sur un téléphone. DIG16, sites internet pour artisans et commerçants de Charente.
37;6;mercredi;18:30;Un conseil;auto;facebook, instagram, linkedin, gmb, bluesky, threads;"Une bonne description de votre entreprise tient en 3 phrases :
ce que vous faites, où vous intervenez, et ce qui vous distingue.
Exemple : « Menuisier en Charente, je fabrique et pose fenêtres et escaliers sur mesure. »

#Charente #artisan #commerce #siteinternet";"Une bonne description de votre entreprise tient en 3 phrases :
ce que vous faites, où vous intervenez, et ce qui vous distingue.
Exemple : « Menuisier en Charente, je fabrique et pose fenêtres et escaliers sur mesure. »";supports/publications/s6-description.png;Votre métier en 3 phrases. DIG16, sites internet pour artisans et commerçants de Charente.
39;6;vendredi;18:30;Comment je travaille;auto;facebook, instagram, linkedin, gmb, bluesky, threads;"Vous connaissez un artisan ou un commerçant qui a besoin d'un site ?
Recommandez-le : s'il devient client, votre prochain mois est offert, et son premier mois aussi.

#Charente #artisan #commerce #siteinternet";"Vous connaissez un artisan ou un commerçant qui a besoin d'un site ?
Recommandez-le : s'il devient client, votre prochain mois est offert, et son premier mois aussi.";supports/publications/s6-recommandation.png;Recommandez un artisan, un mois offert. DIG16, sites internet pour artisans et commerçants de Charente.
42;7;lundi;18:30;À voir;manuel;facebook, instagram, linkedin, gmb, bluesky, threads;"Premier site DIG16 en ligne 🎉 Merci à [client] pour sa confiance.
(À publier seulement avec l'accord écrit du client ; sinon, nouvelle démo fictive.)

#Charente #artisan #commerce #siteinternet";"Premier site DIG16 en ligne 🎉 Merci à [client] pour sa confiance.
(À publier seulement avec l'accord écrit du client ; sinon, nouvelle démo fictive.)";supports/publications/s7-premier-client.png;Premier site DIG16 en ligne. DIG16, sites internet pour artisans et commerçants de Charente.
44;7;mercredi;18:30;Un conseil;auto;facebook, instagram, linkedin, gmb, bluesky, threads;"Un site lent, ce sont souvent des photos trop lourdes. Une photo de plusieurs mégaoctets peut presque toujours être allégée fortement sans perte visible.

#Charente #artisan #commerce #siteinternet";Un site lent, ce sont souvent des photos trop lourdes. Une photo de plusieurs mégaoctets peut presque toujours être allégée fortement sans perte visible.;supports/publications/s7-site-lent.png;Un site lent ? Regardez vos photos. DIG16, sites internet pour artisans et commerçants de Charente.
46;7;vendredi;18:30;Comment je travaille;auto;facebook, instagram, linkedin, gmb, bluesky, threads;"Les questions qu'on me pose le plus :
« Je dois écrire les textes ? » Non, je les rédige avec vous.
« Je peux modifier mon site ? » Oui, envoyez-moi un email, c'est fait en 3 jours ouvrés.
« Et si j'arrête ? » Vous gardez votre nom de domaine et vos fichiers.

#Charente #artisan #commerce #siteinternet";"Les questions qu'on me pose le plus :
« Je dois écrire les textes ? » Non, je les rédige avec vous.
« Je peux modifier mon site ? » Oui, envoyez-moi un email, c'est fait en 3 jours ouvrés.
« Et si j'arrête ? » Vous gardez votre nom de domaine et vos fichiers.";supports/publications/s7-questions.png;Les questions qu'on me pose le plus. DIG16, sites internet pour artisans et commerçants de Charente.
49;8;lundi;18:30;À voir;manuel;facebook, instagram, linkedin, gmb, bluesky, threads;"Deux mois de DIG16 : merci à tous ceux qui ont fait confiance à une jeune entreprise de Charente.
(Chiffres réels seulement, vérifiés avant publication.)

#Charente #artisan #commerce #siteinternet";"Deux mois de DIG16 : merci à tous ceux qui ont fait confiance à une jeune entreprise de Charente.
(Chiffres réels seulement, vérifiés avant publication.)";supports/publications/s8-bilan.png;Deux mois de DIG16. Merci. DIG16, sites internet pour artisans et commerçants de Charente.
51;8;mercredi;18:30;Un conseil;auto;facebook, instagram, linkedin, gmb, bluesky, threads;"Préparez votre saison maintenant : horaires, photos récentes, offres du moment. Un site à jour, ce sont des appels en plus.

#Charente #artisan #commerce #siteinternet";Préparez votre saison maintenant : horaires, photos récentes, offres du moment. Un site à jour, ce sont des appels en plus.;supports/publications/s8-saison.png;Préparez votre saison dès maintenant. DIG16, sites internet pour artisans et commerçants de Charente.
53;8;vendredi;18:30;Comment je travaille;auto;facebook, instagram, linkedin, gmb, bluesky, threads;"Votre page d'accueil refaite gratuitement, pour voir avant de décider.
Aucune obligation. Écrivez-moi ou appelez : dig16.fr

#Charente #artisan #commerce #siteinternet";"Votre page d'accueil refaite gratuitement, pour voir avant de décider.
Aucune obligation. Écrivez-moi ou appelez : dig16.fr";supports/publications/s8-offre.png;Votre page d'accueil, refaite gratuitement. DIG16, sites internet pour artisans et commerçants de Charente.
